{"cameraMode":{"drawMode":0,"name":"Shaded","section":"Shading Mode"},"sceneLighting":false,"audioPlay":false,"sceneViewState":{"showFog":true,"showMaterialUpdate":false,"showSkybox":true,"showFlares":true,"showImageEffects":true,"showParticleSystems":true},"in2DMode":false,"pivot":{"x":-3.0,"y":0.004049509763717651,"z":4.5662922859191898},"rotation":{"x":0.20620255172252656,"y":-0.5548263788223267,"z":0.144272580742836,"w":0.7929903864860535},"size":3.0685718059539797,"orthographic":true}